{
  "baseline_version": "v2",
  "n_rows": 1143,
  "feature_stats": {
    "fixed acidity": {
      "mean": 8.269991,
      "std": 1.630215,
      "min": 4.6,
      "max": 12.1,
      "p25": 7.1,
      "p50": 7.9,
      "p75": 9.1,
      "null_rate": 0.0
    },
    "volatile acidity": {
      "mean": 0.529884,
      "std": 0.174273,
      "min": 0.12,
      "max": 1.01125,
      "p25": 0.3925,
      "p50": 0.52,
      "p75": 0.64,
      "null_rate": 0.0
    },
    "citric acid": {
      "mean": 0.26829,
      "std": 0.196425,
      "min": 0.0,
      "max": 0.915,
      "p25": 0.09,
      "p50": 0.25,
      "p75": 0.42,
      "null_rate": 0.0
    },
    "residual sugar": {
      "mean": 2.323141,
      "std": 0.6096,
      "min": 0.9,
      "max": 3.65,
      "p25": 1.9,
      "p50": 2.2,
      "p75": 2.6,
      "null_rate": 0.0
    },
    "chlorides": {
      "mean": 0.080926,
      "std": 0.017753,
      "min": 0.04,
      "max": 0.12,
      "p25": 0.07,
      "p50": 0.079,
      "p75": 0.09,
      "null_rate": 0.0
    },
    "free sulfur dioxide": {
      "mean": 15.463255,
      "std": 9.72586,
      "min": 1.0,
      "max": 42.0,
      "p25": 7.0,
      "p50": 13.0,
      "p75": 21.0,
      "null_rate": 0.0
    },
    "total sulfur dioxide": {
      "mean": 45.127297,
      "std": 29.974752,
      "min": 6.0,
      "max": 121.0,
      "p25": 21.0,
      "p50": 37.0,
      "p75": 61.0,
      "null_rate": 0.0
    },
    "density": {
      "mean": 0.996725,
      "std": 0.001843,
      "min": 0.992158,
      "max": 1.001257,
      "p25": 0.99557,
      "p50": 0.99668,
      "p75": 0.997845,
      "null_rate": 0.0
    },
    "pH": {
      "mean": 3.310105,
      "std": 0.151786,
      "min": 2.9125,
      "max": 3.6925,
      "p25": 3.205,
      "p50": 3.31,
      "p75": 3.4,
      "null_rate": 0.0
    },
    "sulphates": {
      "mean": 0.648994,
      "std": 0.136473,
      "min": 0.33,
      "max": 1.0,
      "p25": 0.55,
      "p50": 0.62,
      "p75": 0.73,
      "null_rate": 0.0
    },
    "alcohol": {
      "mean": 10.437854,
      "std": 1.068643,
      "min": 8.4,
      "max": 13.5,
      "p25": 9.5,
      "p50": 10.2,
      "p75": 11.1,
      "null_rate": 0.0
    },
    "Id": {
      "mean": 804.969379,
      "std": 463.997116,
      "min": 0.0,
      "max": 1597.0,
      "p25": 411.0,
      "p50": 794.0,
      "p75": 1209.5,
      "null_rate": 0.0
    }
  },
  "drift_thresholds": {
    "mean_shift_z": 2.0,
    "std_ratio": 1.5,
    "null_rate_delta": 0.05
  },
  "note": "Compare incoming batch stats against feature_stats to detect drift."
}