{
  "baseline_version": "v3",
  "n_rows": 3719,
  "feature_stats": {
    "sp500 low": {
      "mean": 267.157446,
      "std": 120.663204,
      "min": 101.13,
      "max": 582.58,
      "p25": 169.03,
      "p50": 239.45,
      "p75": 371.045,
      "null_rate": 0.0
    },
    "sp500 close": {
      "mean": 268.779352,
      "std": 121.393684,
      "min": 102.2,
      "max": 584.59,
      "p25": 169.65,
      "p50": 240.61,
      "p75": 374.255,
      "null_rate": 0.0
    },
    "sp500 volume": {
      "mean": 108426889.814332,
      "std": 54868643.051909,
      "min": 170817.0,
      "max": 241299710.5,
      "p25": 66991123.0,
      "p50": 92399074.0,
      "p75": 136714558.0,
      "null_rate": 0.0
    },
    "nasdaq volume": {
      "mean": 44192383.293695,
      "std": 21925693.308392,
      "min": 7079300.0,
      "max": 99886341.75,
      "p25": 27198315.5,
      "p50": 38973659.0,
      "p75": 56273526.0,
      "null_rate": 0.0
    },
    "eur_usd": {
      "mean": 1.191179,
      "std": 0.113341,
      "min": 0.9616,
      "max": 1.4875,
      "p25": 1.10005,
      "p50": 1.1587,
      "p75": 1.29515,
      "null_rate": 0.0
    },
    "silver high-low": {
      "mean": 0.342987,
      "std": 0.22138,
      "min": 0.04,
      "max": 0.87,
      "p25": 0.17,
      "p50": 0.28,
      "p75": 0.45,
      "null_rate": 0.0
    },
    "platinum open": {
      "mean": 111.488447,
      "std": 31.968413,
      "min": 56.7,
      "max": 187.26,
      "p25": 87.015,
      "p50": 95.45,
      "p75": 141.085,
      "null_rate": 0.0
    },
    "platinum high": {
      "mean": 112.153245,
      "std": 32.048014,
      "min": 56.88,
      "max": 189.2,
      "p25": 87.705,
      "p50": 95.975,
      "p75": 141.8,
      "null_rate": 0.0
    },
    "platinum low": {
      "mean": 110.754099,
      "std": 31.852717,
      "min": 55.0,
      "max": 187.04,
      "p25": 86.45505,
      "p50": 94.67,
      "p75": 140.32005,
      "null_rate": 0.0
    },
    "platinum close": {
      "mean": 111.472227,
      "std": 31.96833,
      "min": 55.36,
      "max": 189.11,
      "p25": 87.0,
      "p50": 95.38,
      "p75": 141.18,
      "null_rate": 0.0
    },
    "platinum high-low": {
      "mean": 1.365443,
      "std": 0.65715,
      "min": 0.2379,
      "max": 3.025975,
      "p25": 0.86785,
      "p50": 1.2299,
      "p75": 1.7311,
      "null_rate": 0.0
    },
    "palladium volume": {
      "mean": 59559.051896,
      "std": 52025.933115,
      "min": 3157.0,
      "max": 179229.0,
      "p25": 20859.0,
      "p50": 38295.0,
      "p75": 84207.0,
      "null_rate": 0.0
    }
  },
  "drift_thresholds": {
    "mean_shift_z": 2.0,
    "std_ratio": 1.5,
    "null_rate_delta": 0.05
  },
  "note": "Compare incoming batch stats against feature_stats to detect drift."
}