{
  "baseline_version": "v1",
  "n_rows": 920,
  "feature_stats": {
    "id": {
      "mean": 460.5,
      "std": 265.725422,
      "min": 1.0,
      "max": 920.0,
      "p25": 230.75,
      "p50": 460.5,
      "p75": 690.25,
      "null_rate": 0.0
    },
    "age": {
      "mean": 53.51087,
      "std": 9.424685,
      "min": 28.0,
      "max": 77.0,
      "p25": 47.0,
      "p50": 54.0,
      "p75": 60.0,
      "null_rate": 0.0
    },
    "sex": {
      "mean": 0.78913,
      "std": 0.408148,
      "min": 0.0,
      "max": 1.0,
      "p25": 1.0,
      "p50": 1.0,
      "p75": 1.0,
      "null_rate": 0.0
    },
    "dataset": {
      "mean": 1.238043,
      "std": 1.130673,
      "min": 0.0,
      "max": 3.0,
      "p25": 0.0,
      "p50": 1.0,
      "p75": 2.0,
      "null_rate": 0.0
    },
    "cp": {
      "mean": 0.782609,
      "std": 0.95635,
      "min": 0.0,
      "max": 3.0,
      "p25": 0.0,
      "p50": 0.0,
      "p75": 2.0,
      "null_rate": 0.0
    },
    "trestbps": {
      "mean": 132.028478,
      "std": 17.210456,
      "min": 90.0,
      "max": 170.0,
      "p25": 120.0,
      "p50": 130.0,
      "p75": 140.0,
      "null_rate": 0.0
    },
    "chol": {
      "mean": 207.464783,
      "std": 93.344809,
      "min": 40.5,
      "max": 404.5,
      "p25": 177.0,
      "p50": 225.0,
      "p75": 268.0,
      "null_rate": 0.0
    },
    "fbs": {
      "mean": 0.15,
      "std": 0.357266,
      "min": 0.0,
      "max": 1.0,
      "p25": 0.0,
      "p50": 0.0,
      "p75": 0.0,
      "null_rate": 0.0
    },
    "restecg": {
      "mean": 0.994565,
      "std": 0.638767,
      "min": 0.0,
      "max": 3.0,
      "p25": 1.0,
      "p50": 1.0,
      "p75": 1.0,
      "null_rate": 0.0
    },
    "thalch": {
      "mean": 136.83913,
      "std": 25.402328,
      "min": 66.0,
      "max": 202.0,
      "p25": 120.0,
      "p50": 138.0,
      "p75": 156.0,
      "null_rate": 0.0
    },
    "exang": {
      "mean": 0.366304,
      "std": 0.482056,
      "min": 0.0,
      "max": 1.0,
      "p25": 0.0,
      "p50": 0.0,
      "p75": 1.0,
      "null_rate": 0.0
    },
    "oldpeak": {
      "mean": 0.907522,
      "std": 1.048557,
      "min": -2.4,
      "max": 4.0,
      "p25": 0.0,
      "p50": 0.7,
      "p75": 1.6,
      "null_rate": 0.0
    },
    "slope": {
      "mean": 1.823913,
      "std": 0.977146,
      "min": 0.0,
      "max": 3.0,
      "p25": 1.0,
      "p50": 2.0,
      "p75": 3.0,
      "null_rate": 0.0
    }
  },
  "drift_thresholds": {
    "mean_shift_z": 2.0,
    "std_ratio": 1.5,
    "null_rate_delta": 0.05
  },
  "note": "Compare incoming batch stats against feature_stats to detect drift."
}