{
  "baseline_version": "v1",
  "n_rows": 1460,
  "feature_stats": {
    "OverallQual": {
      "mean": 6.100685,
      "std": 1.37843,
      "min": 2.0,
      "max": 10.0,
      "p25": 5.0,
      "p50": 6.0,
      "p75": 7.0,
      "null_rate": 0.0
    },
    "YearBuilt": {
      "mean": 1971.299315,
      "std": 30.108397,
      "min": 1885.0,
      "max": 2010.0,
      "p25": 1954.0,
      "p50": 1973.0,
      "p75": 2000.0,
      "null_rate": 0.0
    },
    "YearRemodAdd": {
      "mean": 1984.865753,
      "std": 20.645407,
      "min": 1950.0,
      "max": 2010.0,
      "p25": 1967.0,
      "p50": 1994.0,
      "p75": 2004.0,
      "null_rate": 0.0
    },
    "ExterQual": {
      "mean": 2.539726,
      "std": 0.693995,
      "min": 0.0,
      "max": 3.0,
      "p25": 2.0,
      "p50": 3.0,
      "p75": 3.0,
      "null_rate": 0.0
    },
    "Foundation": {
      "mean": 1.396575,
      "std": 0.722394,
      "min": 0.0,
      "max": 5.0,
      "p25": 1.0,
      "p50": 1.0,
      "p75": 2.0,
      "null_rate": 0.0
    },
    "BsmtQual": {
      "mean": 2.305479,
      "std": 0.899225,
      "min": 0.0,
      "max": 4.0,
      "p25": 2.0,
      "p50": 2.0,
      "p75": 3.0,
      "null_rate": 0.0
    },
    "BsmtUnfSF": {
      "mean": 563.77774,
      "std": 431.710214,
      "min": 0.0,
      "max": 1685.5,
      "p25": 223.0,
      "p50": 477.5,
      "p75": 808.0,
      "null_rate": 0.0
    },
    "TotalBsmtSF": {
      "mean": 1050.254795,
      "std": 397.937878,
      "min": 42.0,
      "max": 2052.0,
      "p25": 795.75,
      "p50": 991.5,
      "p75": 1298.25,
      "null_rate": 0.0
    },
    "HeatingQC": {
      "mean": 1.538356,
      "std": 1.739524,
      "min": 0.0,
      "max": 4.0,
      "p25": 0.0,
      "p50": 0.0,
      "p75": 4.0,
      "null_rate": 0.0
    },
    "KitchenQual": {
      "mean": 2.339726,
      "std": 0.830161,
      "min": 0.0,
      "max": 3.0,
      "p25": 2.0,
      "p50": 3.0,
      "p75": 3.0,
      "null_rate": 0.0
    },
    "GarageYrBlt": {
      "mean": 1977.265616,
      "std": 24.719233,
      "min": 1900.0,
      "max": 2010.0,
      "p25": 1959.0,
      "p50": 1978.0,
      "p75": 2001.0,
      "null_rate": 0.0
    },
    "GarageFinish": {
      "mean": 1.284247,
      "std": 0.892831,
      "min": 0.0,
      "max": 3.0,
      "p25": 1.0,
      "p50": 1.0,
      "p75": 2.0,
      "null_rate": 0.0
    },
    "GarageCars": {
      "mean": 1.765411,
      "std": 0.742753,
      "min": 0.0,
      "max": 3.5,
      "p25": 1.0,
      "p50": 2.0,
      "p75": 2.0,
      "null_rate": 0.0
    },
    "GarageArea": {
      "mean": 470.670719,
      "std": 207.105729,
      "min": 0.0,
      "max": 938.25,
      "p25": 334.5,
      "p50": 480.0,
      "p75": 576.0,
      "null_rate": 0.0
    },
    "SaleCondition": {
      "mean": 3.770548,
      "std": 1.100854,
      "min": 0.0,
      "max": 5.0,
      "p25": 4.0,
      "p50": 4.0,
      "p75": 4.0,
      "null_rate": 0.0
    },
    "SalePrice": {
      "mean": 177331.52637,
      "std": 67205.835915,
      "min": 34900.0,
      "max": 340037.5,
      "p25": 129975.0,
      "p50": 163000.0,
      "p75": 214000.0,
      "null_rate": 0.0
    }
  },
  "drift_thresholds": {
    "mean_shift_z": 2.0,
    "std_ratio": 1.5,
    "null_rate_delta": 0.05
  },
  "note": "Compare incoming batch stats against feature_stats to detect drift."
}